<?xml version="1.0" encoding="UTF-8"?>
<newcodington>
<events>
		<event eventname="HolidayLights">
			<description>Lighting trees in Central park</description>
			<duration>6</duration>
			<eventtype>Adults and Kids</eventtype>
			<schedule>1700 to 2300<schedule>
			<ticketPrice>5</ticketPrice>
			<location>North</location>
		</event>

		<event eventname="TulipExhibition">
			<description>Different colored tulips from Norway</description>
			<duration>9</duration>
			<eventtype>Adults and Kids</eventtype>
			<schedule>900 to 1800</schedule>
			<ticketPrice>3</ticketPrice>
			<location>South</location>
		</event>


		<event eventname="ChristmasEveBall">
			<description>Ball for Singles</description>
			<duration>3 </duration>
			<eventtype>Adults and Kids</eventtype>
			<schedule>1700 to 2000</schedule>
			<ticketPrice>15</ticketPrice>
			<location>North</location>
		</event>


		<event eventname="KlenzForKids" >
			<description>Painting and singing for Kids</description>
			<duration>6</duration>
			<eventtype>Kids</eventtype>
			<ticketPrice>5</ticketPrice>
			<location>North</location>
			<schedule>1000 to 1600</schedule>
		</event>
</events>
</newcodington>
