<?xml version="1.0" encoding="UTF-8" ?>
<!DOCTYPE beans PUBLIC "-//SPRING//DTD BEAN/EN" "http://ww.springframework.org/dtd/spring-beans.dtd">
<beans>
	<bean id="museum" class="com.codington.module19.Museum">
	<!-- TODO 1. Register Museum using <beans> and <bean> tag -->
	<!-- TODO 1.a.	Use property element of bean and "name" attribute to set the property of the Museum class named name and set its value "Codington Museum" -->
		<property name="name" value="Codington Museum"/>
	<!-- TODO 1.b.	Use property element of bean and "type" attribute to set the property of the Museum class named type and set its value "Art and Craft"  -->
		<property name="type" value="Art and Craft"/>
	</bean>
	<!-- TODO  2.	Register Town bean using <beans> and <bean> tag. -->
	<bean id ="town" class="com.codington.module19.Town">
	<!-- TODO 2. a.	Use property element of bean and name attribute to set the property of the Town class named townName and set its value "North Town" -->
		<property name ="townName" value="North Town"/>
	<!-- TODO 2.b Use constructor-arg element of bean and ref attribute to pass reference of the museum bean. -->
		<constructor-arg ref = "museum"/>
	</bean>

</beans>