<?xml version="1.0" encoding="UTF-8"?>
<beans xmlns="http://www.springframework.org/schema/beans"
	xmlns:xsi="http://www.w3.org/2001/XMLSchema-instance"
	xmlns:ctx="http://www.springframework.org/schema/context"
	xmlns:p="http://www.springframework.org/schema/p"
	xmlns:tx="http://www.springframework.org/schema/tx"
	xmlns:jdbc="http://www.springframework.org/schema/jdbc"
	xsi:schemaLocation="http://www.springframework.org/schema/beans
	http://www.springframework.org/schema/beans/spring-beans-4.1.xsd
	http://www.springframework.org/schema/context
	http://www.springframework.org/schema/context/spring-context-4.1.xsd
	http://www.springframework.org/schema/tx
	http://www.springframework.org/schema/tx/spring-tx-4.1.xsd
	http://www.springframework.org/schema/jdbc
	http://www.springframework.org/schema/jdbc/spring-jdbc-4.1.xsd">


	<ctx:annotation-config></ctx:annotation-config>
	<ctx:component-scan base-package="com.accenture.fers"></ctx:component-scan>

	<!-- TODO 1 Enable Transaction annotation -->
	<!-- Enable the transaction annotations. Using this declarative transactions can be used -->
	<tx:annotation-driven/>

		<!-- Configurer that replaces ${...} placeholders with values from a properties file -->
	<!-- (in this case, JDBC-related settings for the dataSource definition below) -->
	<ctx:property-placeholder location="classpath:jdbc.properties"/>


<!--  	<bean id="entityManagerFactory"
		class="org.springframework.orm.jpa.LocalContainerEntityManagerFactoryBean">
		<property name="dataSource" ref="dataSource" />
		<property name="persistenceUnitName" value="PU" />
		<property name="jpaVendorAdapter">
			<bean class="org.springframework.orm.jpa.vendor.HibernateJpaVendorAdapter">
				<property name="showSql" value="true" />
				<property name="databasePlatform" value="org.hibernate.dialect.MySQLDialect" />
			</bean>
		</property>

	</bean> -->

	<bean id="entityManagerFactory"
		class="org.springframework.orm.jpa.LocalContainerEntityManagerFactoryBean">
		<property name="dataSource" ref="dataSource" />
		<property name="persistenceUnitName" value="PU" />
		<property name="jpaVendorAdapter">
			<bean class="org.springframework.orm.jpa.vendor.HibernateJpaVendorAdapter">
				<property name="showSql" value="true" />
				<property name="databasePlatform" value="org.hibernate.dialect.HSQLDialect" />


			</bean>
		</property>

	</bean>



	<!-- JPA Transaction Manager Configuration referring dataSource and entityManagerFactory -->
	<bean
		class="org.springframework.orm.jpa.support.PersistenceAnnotationBeanPostProcessor" />
	<bean id="transactionManager" class="org.springframework.orm.jpa.JpaTransactionManager"
		p:entity-manager-factory-ref="entityManagerFactory">
		<property name="entityManagerFactory" ref="entityManagerFactory" />
		<property name="dataSource" ref="dataSource" />
	</bean>


	<!-- ==================== Data source definitions ==================== -->

	<!-- Local DataSource that works in any environment -->
<!--  	<bean id="dataSource"
		class="org.springframework.jdbc.datasource.DriverManagerDataSource">
		<property name="driverClassName" value="com.mysql.jdbc.Driver" />
		<property name="url" value="jdbc:mysql://localhost:3306/festivaldatabase" />
		<property name="username" value="root" />
		<property name="password" value="abcd1234" />
	</bean> -->

	<!-- DataSource configuration for Apache Commons DBCP. -->
	<bean id="dataSource" class="org.apache.commons.dbcp.BasicDataSource" destroy-method="close"
			p:driverClassName="${jdbc.driverClassName}" p:url="${jdbc.url}"
			p:username="${jdbc.username}" p:password="${jdbc.password}"/>

	<jdbc:initialize-database data-source="dataSource">
		<jdbc:script location="${jdbc.initLocation}"/>
		<jdbc:script location="${jdbc.dataLocation}"/>
	</jdbc:initialize-database>



</beans>
